title,price,star_rating,availability,category
Soumission,Â£50.10,One,In stock,Fiction
Private Paris (Private #10),Â£47.61,Five,In stock,Fiction
"We Love You, Charlie Freeman",Â£50.27,Five,In stock,Fiction
Thirst,Â£17.27,Five,In stock,Fiction
The Murder That Never Was (Forensic Instincts #5),Â£54.11,Three,In stock,Fiction
Tuesday Nights in 1980,Â£21.04,Two,In stock,Fiction
The Vacationers,Â£42.15,Four,In stock,Fiction
The Regional Office Is Under Attack!,Â£51.36,Five,In stock,Fiction
Finders Keepers (Bill Hodges Trilogy #2),Â£53.53,Five,In stock,Fiction
The Time Keeper,Â£27.88,Five,In stock,Fiction
The Testament of Mary,Â£52.67,Four,In stock,Fiction
The First Hostage (J.B. Collins #2),Â£25.85,Three,In stock,Fiction
Take Me with You,Â£45.21,Three,In stock,Fiction
Still Life with Bread Crumbs,Â£26.41,Three,In stock,Fiction
Shtum,Â£55.84,Four,In stock,Fiction
My Name Is Lucy Barton,Â£41.56,One,In stock,Fiction
My Mrs. Brown,Â£24.48,Three,In stock,Fiction
Mr. Mercedes (Bill Hodges Trilogy #1),Â£28.90,One,In stock,Fiction
I Am Pilgrim (Pilgrim #1),Â£10.60,Four,In stock,Fiction
Eligible (The Austen Project #4),Â£27.09,Three,In stock,Fiction
Eight Hundred Grapes,Â£14.39,Four,In stock,Fiction
Dear Mr. Knightley,Â£11.21,Five,In stock,Fiction
Cometh the Hour (The Clifton Chronicles #6),Â£25.01,Three,In stock,Fiction
Balloon Animals,Â£17.03,Three,In stock,Fiction
A Man Called Ove,Â£39.72,One,In stock,Fiction
The Silent Sister (Riley MacPherson #1),Â£46.29,Five,In stock,Fiction
The Dinner Party,Â£56.54,Two,In stock,Fiction
The Improbability of Love,Â£59.45,One,In stock,Fiction
Mothering Sunday,Â£13.34,Two,In stock,Fiction
Lies and Other Acts of Love,Â£45.14,One,In stock,Fiction
Daredevils,Â£16.34,Three,In stock,Fiction
11/22/63,Â£48.48,Three,In stock,Fiction
The Shack,Â£28.03,One,In stock,Fiction
The High Mountains of Portugal,Â£51.15,One,In stock,Fiction
Miller's Valley,Â£58.54,Two,In stock,Fiction
Hystopia: A Novel,Â£21.96,Four,In stock,Fiction
The Bourne Identity (Jason Bourne #1),Â£42.78,Four,In stock,Fiction
Sister Dear,Â£40.20,Four,In stock,Fiction
Memoirs of a Geisha,Â£49.67,Three,In stock,Fiction
Me Before You (Me Before You #1),Â£19.02,One,In stock,Fiction
Deception Point,Â£40.32,Four,In stock,Fiction
The Little Paris Bookshop,Â£24.73,Three,In stock,Fiction
The Firm,Â£45.56,Three,In stock,Fiction
The Expatriates,Â£44.58,Two,In stock,Fiction
Siddhartha,Â£34.22,Five,In stock,Fiction
Last One Home (New Beginnings #1),Â£59.98,Three,In stock,Fiction
Digital Fortress,Â£58.00,Five,In stock,Fiction
Atlas Shrugged,Â£26.58,Five,In stock,Fiction
Three-Martini Lunch,Â£23.21,Three,In stock,Fiction
The Nightingale,Â£26.26,Four,In stock,Fiction
The Infinities,Â£27.41,One,In stock,Fiction
The Husband's Secret,Â£52.51,Five,In stock,Fiction
The Da Vinci Code (Robert Langdon #2),Â£22.96,Two,In stock,Fiction
The Art of Fielding,Â£22.10,One,In stock,Fiction
Lila (Gilead #3),Â£12.47,Three,In stock,Fiction
Jurassic Park (Jurassic Park #1),Â£44.97,One,In stock,Fiction
Inferno (Robert Langdon #4),Â£41.00,Five,In stock,Fiction
Crazy Rich Asians (Crazy Rich Asians #1),Â£49.13,Five,In stock,Fiction
Big Little Lies,Â£22.11,One,In stock,Fiction
The Course of Love,Â£16.78,Three,In stock,Fiction
When I'm Gone,Â£51.96,Three,In stock,Fiction
The Silent Wife,Â£12.34,Five,In stock,Fiction
The Bette Davis Club,Â£30.66,Three,In stock,Fiction
Kitchens of the Great Midwest,Â£57.20,Five,In stock,Fiction
Bright Lines,Â£39.07,Five,In stock,Fiction
Unicorn Tracks,Â£18.78,Three,In stock,Fantasy
"Saga, Volume 6 (Saga (Collected Editions) #6)",Â£25.02,Three,In stock,Fantasy
Princess Between Worlds (Wide-Awake Princess #5),Â£13.34,Five,In stock,Fantasy
Masks and Shadows,Â£56.40,Two,In stock,Fantasy
Crown of Midnight (Throne of Glass #2),Â£43.29,Three,In stock,Fantasy
"Avatar: The Last Airbender: Smoke and Shadow, Part 3 (Smoke and Shadow #3)",Â£28.09,Two,In stock,Fantasy
A Court of Thorns and Roses (A Court of Thorns and Roses #1),Â£52.37,One,In stock,Fantasy
Throne of Glass (Throne of Glass #1),Â£35.07,Three,In stock,Fantasy
The Glittering Court (The Glittering Court #1),Â£44.28,One,In stock,Fantasy
Hollow City (Miss Peregrineâs Peculiar Children #2),Â£42.98,One,In stock,Fantasy
The Star-Touched Queen,Â£46.02,Five,In stock,Fantasy
The Hidden Oracle (The Trials of Apollo #1),Â£52.26,Two,In stock,Fantasy
The Bane Chronicles (The Bane Chronicles #1-11),Â£44.73,Four,In stock,Fantasy
Island of Dragons (Unwanteds #7),Â£29.65,One,In stock,Fantasy
Demigods & Magicians: Percy and Annabeth Meet the Kanes (Percy Jackson & Kane Chronicles Crossover #1-3),Â£37.51,Five,In stock,Fantasy
City of Glass (The Mortal Instruments #3),Â£56.02,Four,In stock,Fantasy
Searching for Meaning in Gailana,Â£38.73,One,In stock,Fantasy
The Star-Touched Queen,Â£32.30,Five,In stock,Fantasy
A Shard of Ice (The Black Symphony Saga #1),Â£56.63,Three,In stock,Fantasy
King's Folly (The Kinsman Chronicles #1),Â£39.61,Five,In stock,Fantasy
Every Heart a Doorway (Every Heart A Doorway #1),Â£12.16,Five,In stock,Fantasy
A Gathering of Shadows (Shades of Magic #2),Â£44.81,Four,In stock,Fantasy
The Raven Boys (The Raven Cycle #1),Â£57.74,Four,In stock,Fantasy
The False Prince (The Ascendance Trilogy #1),Â£56.00,Five,In stock,Fantasy
Tell the Wind and Fire,Â£45.51,Three,In stock,Fantasy
A Feast for Crows (A Song of Ice and Fire #4),Â£17.21,Four,In stock,Fantasy
The Demonists (Demonist #1),Â£52.11,Two,In stock,Fantasy
The Beast (Black Dagger Brotherhood #14),Â£46.08,Five,In stock,Fantasy
Paper and Fire (The Great Library #2),Â£49.45,Five,In stock,Fantasy
Harry Potter and the Order of the Phoenix (Harry Potter #5),Â£31.63,Four,In stock,Fantasy
Harry Potter and the Half-Blood Prince (Harry Potter #6),Â£48.75,Five,In stock,Fantasy
Harry Potter and the Chamber of Secrets (Harry Potter #2),Â£14.74,One,In stock,Fantasy
The Rose & the Dagger (The Wrath and the Dawn #2),Â£58.64,Four,In stock,Fantasy
Soldier (Talon #3),Â£24.72,Two,In stock,Fantasy
Midnight Riot (Peter Grant/ Rivers of London - books #1),Â£55.46,Two,In stock,Fantasy
Heir to the Sky,Â£44.07,Four,In stock,Fantasy
Eragon (The Inheritance Cycle #1),Â£43.87,Three,In stock,Fantasy
Darkfever (Fever #1),Â£56.02,One,In stock,Fantasy
Ash,Â£22.06,Four,In stock,Fantasy
A Storm of Swords (A Song of Ice and Fire #3),Â£31.22,Two,In stock,Fantasy
Vampire Girl (Vampire Girl #1),Â£53.82,Two,In stock,Fantasy
The Silent Twin (Detective Jennifer Knight #3),Â£36.25,Three,In stock,Fantasy
The Mirror & the Maze (The Wrath and the Dawn #1.5),Â£29.38,One,In stock,Fantasy
Sister Sable (The Mad Queen #1),Â£13.33,Three,In stock,Fantasy
Shadow Rites (Jane Yellowrock #10),Â£21.72,Four,In stock,Fantasy
Origins (Alphas 0.5),Â£28.99,One,In stock,Fantasy
One Second (Seven #7),Â£52.94,Two,In stock,Fantasy
Myriad (Prentor #1),Â£58.75,Four,In stock,Fantasy
Chase Me (Paris Nights #2),Â£25.27,Five,In stock,Romance
Black Dust,Â£34.53,Five,In stock,Romance
Her Backup Boyfriend (The Sorensen Family #1),Â£33.97,One,In stock,Romance
First and First (Five Boroughs #3),Â£15.97,Four,In stock,Romance
Fifty Shades Darker (Fifty Shades #2),Â£21.96,One,In stock,Romance
The Wedding Dress,Â£24.12,One,In stock,Romance
Suddenly in Love (Lake Haven #1),Â£55.99,Two,In stock,Romance
Something More Than This,Â£16.24,Four,In stock,Romance
Doing It Over (Most Likely To #1),Â£35.61,Three,In stock,Romance
The Wedding Pact (The O'Malleys #2),Â£32.61,Three,In stock,Romance
Hold Your Breath (Search and Rescue #1),Â£28.82,One,In stock,Romance
Dirty (Dive Bar #1),Â£40.83,Four,In stock,Romance
Take Me Home Tonight (Rock Star Romance #3),Â£53.98,Three,In stock,Romance
Off the Hook (Fishing for Trouble #1),Â£47.67,Three,In stock,Romance
A Gentleman's Position (Society of Gentlemen #3),Â£14.75,Five,In stock,Romance
"Sit, Stay, Love",Â£20.90,Three,In stock,Romance
A Girl's Guide to Moving On (New Beginnings #2),Â£31.30,One,In stock,Romance
The Perfect Play (Play by Play #1),Â£59.99,Three,In stock,Romance
Dark Lover (Black Dagger Brotherhood #1),Â£12.87,One,In stock,Romance
Changing the Game (Play by Play #2),Â£13.38,Three,In stock,Romance
A Walk to Remember,Â£56.43,One,In stock,Romance
The Purest Hook (Second Circle Tattoos #3),Â£12.25,One,In stock,Romance
The Obsession,Â£45.43,One,In stock,Romance
Reservations for Two,Â£11.10,Three,In stock,Romance
Best of My Love (Fool's Gold #20),Â£27.41,Two,In stock,Romance
Where Lightning Strikes (Bleeding Stars #3),Â£39.77,Three,In stock,Romance
This One Moment (Pushing Limits #1),Â£48.71,One,In stock,Romance
"Rhythm, Chord & Malykhin",Â£28.34,Two,In stock,Romance
My Perfect Mistake (Over the Top #1),Â£38.92,Two,In stock,Romance
Listen to Me (Fusion #1),Â£58.99,Three,In stock,Romance
Imperfect Harmony,Â£34.74,Four,In stock,Romance
Fighting Fate (Fighting #6),Â£39.24,Three,In stock,Romance
Deep Under (Walker Security #1),Â£47.09,Five,In stock,Romance
Charity's Cross (Charles Towne Belles #4),Â£41.24,One,In stock,Romance
Bounty (Colorado Mountain #7),Â£37.26,Four,In stock,Romance
